group,ticker,fields
g10_fx_spot_forward,AUD Curncy,"PX_LAST,PX_BID,PX_ASK"
g10_fx_spot_forward,CAD Curncy,"PX_LAST,PX_BID,PX_ASK"
g10_fx_spot_forward,CHF Curncy,"PX_LAST,PX_BID,PX_ASK"
g10_fx_spot_forward,EUR Curncy,"PX_LAST,PX_BID,PX_ASK"
g10_fx_spot_forward,GBP Curncy,"PX_LAST,PX_BID,PX_ASK"
g10_fx_spot_forward,JPY Curncy,"PX_LAST,PX_BID,PX_ASK"
g10_fx_spot_forward,NOK Curncy,"PX_LAST,PX_BID,PX_ASK"
g10_fx_spot_forward,NZD Curncy,"PX_LAST,PX_BID,PX_ASK"
g10_fx_spot_forward,SEK Curncy,"PX_LAST,PX_BID,PX_ASK"
g10_fx_spot_forward,DKK Curncy,"PX_LAST,PX_BID,PX_ASK"
g10_fx_spot_forward,HKD Curncy,"PX_LAST,PX_BID,PX_ASK"
g10_fx_spot_forward,AUD1W Curncy,"PX_LAST,PX_BID,PX_ASK"
g10_fx_spot_forward,AUD1M Curncy,"PX_LAST,PX_BID,PX_ASK"
g10_fx_spot_forward,AUD3M Curncy,"PX_LAST,PX_BID,PX_ASK"
g10_fx_spot_forward,AUD6M Curncy,"PX_LAST,PX_BID,PX_ASK"
g10_fx_spot_forward,AUD12M Curncy,"PX_LAST,PX_BID,PX_ASK"
g10_fx_spot_forward,CAD1W Curncy,"PX_LAST,PX_BID,PX_ASK"
g10_fx_spot_forward,CAD1M Curncy,"PX_LAST,PX_BID,PX_ASK"
g10_fx_spot_forward,CAD3M Curncy,"PX_LAST,PX_BID,PX_ASK"
g10_fx_spot_forward,CAD6M Curncy,"PX_LAST,PX_BID,PX_ASK"
g10_fx_spot_forward,CAD12M Curncy,"PX_LAST,PX_BID,PX_ASK"
g10_fx_spot_forward,CHF1W Curncy,"PX_LAST,PX_BID,PX_ASK"
g10_fx_spot_forward,CHF1M Curncy,"PX_LAST,PX_BID,PX_ASK"
g10_fx_spot_forward,CHF3M Curncy,"PX_LAST,PX_BID,PX_ASK"
g10_fx_spot_forward,CHF6M Curncy,"PX_LAST,PX_BID,PX_ASK"
g10_fx_spot_forward,CHF12M Curncy,"PX_LAST,PX_BID,PX_ASK"
g10_fx_spot_forward,EUR1W Curncy,"PX_LAST,PX_BID,PX_ASK"
g10_fx_spot_forward,EUR1M Curncy,"PX_LAST,PX_BID,PX_ASK"
g10_fx_spot_forward,EUR3M Curncy,"PX_LAST,PX_BID,PX_ASK"
g10_fx_spot_forward,EUR6M Curncy,"PX_LAST,PX_BID,PX_ASK"
g10_fx_spot_forward,EUR12M Curncy,"PX_LAST,PX_BID,PX_ASK"
g10_fx_spot_forward,GBP1W Curncy,"PX_LAST,PX_BID,PX_ASK"
g10_fx_spot_forward,GBP1M Curncy,"PX_LAST,PX_BID,PX_ASK"
g10_fx_spot_forward,GBP3M Curncy,"PX_LAST,PX_BID,PX_ASK"
g10_fx_spot_forward,GBP6M Curncy,"PX_LAST,PX_BID,PX_ASK"
g10_fx_spot_forward,GBP12M Curncy,"PX_LAST,PX_BID,PX_ASK"
g10_fx_spot_forward,JPY1W Curncy,"PX_LAST,PX_BID,PX_ASK"
g10_fx_spot_forward,JPY1M Curncy,"PX_LAST,PX_BID,PX_ASK"
g10_fx_spot_forward,JPY3M Curncy,"PX_LAST,PX_BID,PX_ASK"
g10_fx_spot_forward,JPY6M Curncy,"PX_LAST,PX_BID,PX_ASK"
g10_fx_spot_forward,JPY12M Curncy,"PX_LAST,PX_BID,PX_ASK"
g10_fx_spot_forward,NOK1W Curncy,"PX_LAST,PX_BID,PX_ASK"
g10_fx_spot_forward,NOK1M Curncy,"PX_LAST,PX_BID,PX_ASK"
g10_fx_spot_forward,NOK3M Curncy,"PX_LAST,PX_BID,PX_ASK"
g10_fx_spot_forward,NOK6M Curncy,"PX_LAST,PX_BID,PX_ASK"
g10_fx_spot_forward,NOK12M Curncy,"PX_LAST,PX_BID,PX_ASK"
g10_fx_spot_forward,NZD1W Curncy,"PX_LAST,PX_BID,PX_ASK"
g10_fx_spot_forward,NZD1M Curncy,"PX_LAST,PX_BID,PX_ASK"
g10_fx_spot_forward,NZD3M Curncy,"PX_LAST,PX_BID,PX_ASK"
g10_fx_spot_forward,NZD6M Curncy,"PX_LAST,PX_BID,PX_ASK"
g10_fx_spot_forward,NZD12M Curncy,"PX_LAST,PX_BID,PX_ASK"
g10_fx_spot_forward,SEK1W Curncy,"PX_LAST,PX_BID,PX_ASK"
g10_fx_spot_forward,SEK1M Curncy,"PX_LAST,PX_BID,PX_ASK"
g10_fx_spot_forward,SEK3M Curncy,"PX_LAST,PX_BID,PX_ASK"
g10_fx_spot_forward,SEK6M Curncy,"PX_LAST,PX_BID,PX_ASK"
g10_fx_spot_forward,SEK12M Curncy,"PX_LAST,PX_BID,PX_ASK"
g10_fx_spot_forward,DKK1W Curncy,"PX_LAST,PX_BID,PX_ASK"
g10_fx_spot_forward,DKK1M Curncy,"PX_LAST,PX_BID,PX_ASK"
g10_fx_spot_forward,DKK3M Curncy,"PX_LAST,PX_BID,PX_ASK"
g10_fx_spot_forward,DKK6M Curncy,"PX_LAST,PX_BID,PX_ASK"
g10_fx_spot_forward,DKK12M Curncy,"PX_LAST,PX_BID,PX_ASK"
g10_fx_spot_forward,HKD1W Curncy,"PX_LAST,PX_BID,PX_ASK"
g10_fx_spot_forward,HKD1M Curncy,"PX_LAST,PX_BID,PX_ASK"
g10_fx_spot_forward,HKD3M Curncy,"PX_LAST,PX_BID,PX_ASK"
g10_fx_spot_forward,HKD6M Curncy,"PX_LAST,PX_BID,PX_ASK"
g10_fx_spot_forward,HKD12M Curncy,"PX_LAST,PX_BID,PX_ASK"
em_fx_spot_forward,MXN Curncy,"PX_LAST,PX_BID,PX_ASK"
em_fx_spot_forward,ZAR Curncy,"PX_LAST,PX_BID,PX_ASK"
em_fx_spot_forward,BRL Curncy,"PX_LAST,PX_BID,PX_ASK"
em_fx_spot_forward,KRW Curncy,"PX_LAST,PX_BID,PX_ASK"
em_fx_spot_forward,IDR Curncy,"PX_LAST,PX_BID,PX_ASK"
em_fx_spot_forward,MYR Curncy,"PX_LAST,PX_BID,PX_ASK"
em_fx_spot_forward,PHP Curncy,"PX_LAST,PX_BID,PX_ASK"
em_fx_spot_forward,CLP Curncy,"PX_LAST,PX_BID,PX_ASK"
em_fx_spot_forward,COP Curncy,"PX_LAST,PX_BID,PX_ASK"
em_fx_spot_forward,PEN Curncy,"PX_LAST,PX_BID,PX_ASK"
em_fx_spot_forward,SGD Curncy,"PX_LAST,PX_BID,PX_ASK"
em_fx_spot_forward,CNH Curncy,"PX_LAST,PX_BID,PX_ASK"
em_fx_spot_forward,CNY Curncy,"PX_LAST,PX_BID,PX_ASK"
em_fx_spot_forward,INR Curncy,"PX_LAST,PX_BID,PX_ASK"
em_fx_spot_forward,THB Curncy,"PX_LAST,PX_BID,PX_ASK"
em_fx_spot_forward,PLN Curncy,"PX_LAST,PX_BID,PX_ASK"
em_fx_spot_forward,HUF Curncy,"PX_LAST,PX_BID,PX_ASK"
em_fx_spot_forward,TRY Curncy,"PX_LAST,PX_BID,PX_ASK"
em_fx_spot_forward,ILS Curncy,"PX_LAST,PX_BID,PX_ASK"
em_fx_spot_forward,MXN1M Curncy,"PX_LAST,PX_BID,PX_ASK"
em_fx_spot_forward,MXN3M Curncy,"PX_LAST,PX_BID,PX_ASK"
em_fx_spot_forward,MXN6M Curncy,"PX_LAST,PX_BID,PX_ASK"
em_fx_spot_forward,MXN12M Curncy,"PX_LAST,PX_BID,PX_ASK"
em_fx_spot_forward,ZAR1M Curncy,"PX_LAST,PX_BID,PX_ASK"
em_fx_spot_forward,ZAR3M Curncy,"PX_LAST,PX_BID,PX_ASK"
em_fx_spot_forward,ZAR6M Curncy,"PX_LAST,PX_BID,PX_ASK"
em_fx_spot_forward,ZAR12M Curncy,"PX_LAST,PX_BID,PX_ASK"
em_fx_spot_forward,MYR1M Curncy,"PX_LAST,PX_BID,PX_ASK"
em_fx_spot_forward,MYR3M Curncy,"PX_LAST,PX_BID,PX_ASK"
em_fx_spot_forward,MYR6M Curncy,"PX_LAST,PX_BID,PX_ASK"
em_fx_spot_forward,MYR12M Curncy,"PX_LAST,PX_BID,PX_ASK"
em_fx_spot_forward,PHP1M Curncy,"PX_LAST,PX_BID,PX_ASK"
em_fx_spot_forward,PHP3M Curncy,"PX_LAST,PX_BID,PX_ASK"
em_fx_spot_forward,PHP6M Curncy,"PX_LAST,PX_BID,PX_ASK"
em_fx_spot_forward,PHP12M Curncy,"PX_LAST,PX_BID,PX_ASK"
em_fx_spot_forward,SGD1M Curncy,"PX_LAST,PX_BID,PX_ASK"
em_fx_spot_forward,SGD3M Curncy,"PX_LAST,PX_BID,PX_ASK"
em_fx_spot_forward,SGD6M Curncy,"PX_LAST,PX_BID,PX_ASK"
em_fx_spot_forward,SGD12M Curncy,"PX_LAST,PX_BID,PX_ASK"
em_fx_spot_forward,CNH1M Curncy,"PX_LAST,PX_BID,PX_ASK"
em_fx_spot_forward,CNH3M Curncy,"PX_LAST,PX_BID,PX_ASK"
em_fx_spot_forward,CNH6M Curncy,"PX_LAST,PX_BID,PX_ASK"
em_fx_spot_forward,CNH12M Curncy,"PX_LAST,PX_BID,PX_ASK"
em_fx_spot_forward,CNY1M Curncy,"PX_LAST,PX_BID,PX_ASK"
em_fx_spot_forward,CNY3M Curncy,"PX_LAST,PX_BID,PX_ASK"
em_fx_spot_forward,CNY6M Curncy,"PX_LAST,PX_BID,PX_ASK"
em_fx_spot_forward,CNY12M Curncy,"PX_LAST,PX_BID,PX_ASK"
em_fx_spot_forward,THB1M Curncy,"PX_LAST,PX_BID,PX_ASK"
em_fx_spot_forward,THB3M Curncy,"PX_LAST,PX_BID,PX_ASK"
em_fx_spot_forward,THB6M Curncy,"PX_LAST,PX_BID,PX_ASK"
em_fx_spot_forward,THB12M Curncy,"PX_LAST,PX_BID,PX_ASK"
em_fx_spot_forward,PLN1M Curncy,"PX_LAST,PX_BID,PX_ASK"
em_fx_spot_forward,PLN3M Curncy,"PX_LAST,PX_BID,PX_ASK"
em_fx_spot_forward,PLN6M Curncy,"PX_LAST,PX_BID,PX_ASK"
em_fx_spot_forward,PLN12M Curncy,"PX_LAST,PX_BID,PX_ASK"
em_fx_spot_forward,HUF1M Curncy,"PX_LAST,PX_BID,PX_ASK"
em_fx_spot_forward,HUF3M Curncy,"PX_LAST,PX_BID,PX_ASK"
em_fx_spot_forward,HUF6M Curncy,"PX_LAST,PX_BID,PX_ASK"
em_fx_spot_forward,HUF12M Curncy,"PX_LAST,PX_BID,PX_ASK"
em_fx_spot_forward,TRY1M Curncy,"PX_LAST,PX_BID,PX_ASK"
em_fx_spot_forward,TRY3M Curncy,"PX_LAST,PX_BID,PX_ASK"
em_fx_spot_forward,TRY6M Curncy,"PX_LAST,PX_BID,PX_ASK"
em_fx_spot_forward,TRY12M Curncy,"PX_LAST,PX_BID,PX_ASK"
em_fx_spot_forward,ILS1M Curncy,"PX_LAST,PX_BID,PX_ASK"
em_fx_spot_forward,ILS3M Curncy,"PX_LAST,PX_BID,PX_ASK"
em_fx_spot_forward,ILS6M Curncy,"PX_LAST,PX_BID,PX_ASK"
em_fx_spot_forward,ILS12M Curncy,"PX_LAST,PX_BID,PX_ASK"
em_fx_spot_forward,BCN1M Curncy,"PX_LAST,PX_BID,PX_ASK"
em_fx_spot_forward,BCN3M Curncy,"PX_LAST,PX_BID,PX_ASK"
em_fx_spot_forward,BCN6M Curncy,"PX_LAST,PX_BID,PX_ASK"
em_fx_spot_forward,BCN12M Curncy,"PX_LAST,PX_BID,PX_ASK"
em_fx_spot_forward,KWO1M Curncy,"PX_LAST,PX_BID,PX_ASK"
em_fx_spot_forward,KWO3M Curncy,"PX_LAST,PX_BID,PX_ASK"
em_fx_spot_forward,KWO6M Curncy,"PX_LAST,PX_BID,PX_ASK"
em_fx_spot_forward,KWO12M Curncy,"PX_LAST,PX_BID,PX_ASK"
em_fx_spot_forward,IHO1M Curncy,"PX_LAST,PX_BID,PX_ASK"
em_fx_spot_forward,IHO3M Curncy,"PX_LAST,PX_BID,PX_ASK"
em_fx_spot_forward,IHO6M Curncy,"PX_LAST,PX_BID,PX_ASK"
em_fx_spot_forward,IHO12M Curncy,"PX_LAST,PX_BID,PX_ASK"
em_fx_spot_forward,PPN1M Curncy,"PX_LAST,PX_BID,PX_ASK"
em_fx_spot_forward,PPN3M Curncy,"PX_LAST,PX_BID,PX_ASK"
em_fx_spot_forward,PPN6M Curncy,"PX_LAST,PX_BID,PX_ASK"
em_fx_spot_forward,PPN12M Curncy,"PX_LAST,PX_BID,PX_ASK"
em_fx_spot_forward,CHN1M Curncy,"PX_LAST,PX_BID,PX_ASK"
em_fx_spot_forward,CHN3M Curncy,"PX_LAST,PX_BID,PX_ASK"
em_fx_spot_forward,CHN6M Curncy,"PX_LAST,PX_BID,PX_ASK"
em_fx_spot_forward,CHN12M Curncy,"PX_LAST,PX_BID,PX_ASK"
em_fx_spot_forward,CLN1M Curncy,"PX_LAST,PX_BID,PX_ASK"
em_fx_spot_forward,CLN3M Curncy,"PX_LAST,PX_BID,PX_ASK"
em_fx_spot_forward,CLN6M Curncy,"PX_LAST,PX_BID,PX_ASK"
em_fx_spot_forward,CLN12M Curncy,"PX_LAST,PX_BID,PX_ASK"
em_fx_spot_forward,PSN1M Curncy,"PX_LAST,PX_BID,PX_ASK"
em_fx_spot_forward,PSN3M Curncy,"PX_LAST,PX_BID,PX_ASK"
em_fx_spot_forward,PSN6M Curncy,"PX_LAST,PX_BID,PX_ASK"
em_fx_spot_forward,PSN12M Curncy,"PX_LAST,PX_BID,PX_ASK"
em_fx_spot_forward,INR1M Curncy,"PX_LAST,PX_BID,PX_ASK"
em_fx_spot_forward,INR3M Curncy,"PX_LAST,PX_BID,PX_ASK"
em_fx_spot_forward,INR6M Curncy,"PX_LAST,PX_BID,PX_ASK"
em_fx_spot_forward,INR12M Curncy,"PX_LAST,PX_BID,PX_ASK"
em_fx_spot_forward,IRN1M Curncy,"PX_LAST,PX_BID,PX_ASK"
em_fx_spot_forward,IRN3M Curncy,"PX_LAST,PX_BID,PX_ASK"
em_fx_spot_forward,IRN6M Curncy,"PX_LAST,PX_BID,PX_ASK"
em_fx_spot_forward,IRN12M Curncy,"PX_LAST,PX_BID,PX_ASK"
g10_fx_options,EURUSDV1W Curncy,"PX_LAST,PX_BID,PX_ASK"
g10_fx_options,EURUSDV1M Curncy,"PX_LAST,PX_BID,PX_ASK"
g10_fx_options,EURUSDV3M Curncy,"PX_LAST,PX_BID,PX_ASK"
g10_fx_options,EURUSDV6M Curncy,"PX_LAST,PX_BID,PX_ASK"
g10_fx_options,EURUSDV1Y Curncy,"PX_LAST,PX_BID,PX_ASK"
g10_fx_options,EURUSD25R1W Curncy,"PX_LAST,PX_BID,PX_ASK"
g10_fx_options,EURUSD25R1M Curncy,"PX_LAST,PX_BID,PX_ASK"
g10_fx_options,EURUSD25R3M Curncy,"PX_LAST,PX_BID,PX_ASK"
g10_fx_options,EURUSD25R6M Curncy,"PX_LAST,PX_BID,PX_ASK"
g10_fx_options,EURUSD25R1Y Curncy,"PX_LAST,PX_BID,PX_ASK"
g10_fx_options,EURUSD25B1W Curncy,"PX_LAST,PX_BID,PX_ASK"
g10_fx_options,EURUSD25B1M Curncy,"PX_LAST,PX_BID,PX_ASK"
g10_fx_options,EURUSD25B3M Curncy,"PX_LAST,PX_BID,PX_ASK"
g10_fx_options,EURUSD25B6M Curncy,"PX_LAST,PX_BID,PX_ASK"
g10_fx_options,EURUSD25B1Y Curncy,"PX_LAST,PX_BID,PX_ASK"
g10_fx_options,EURUSD10R1W Curncy,"PX_LAST,PX_BID,PX_ASK"
g10_fx_options,EURUSD10R1M Curncy,"PX_LAST,PX_BID,PX_ASK"
g10_fx_options,EURUSD10R3M Curncy,"PX_LAST,PX_BID,PX_ASK"
g10_fx_options,EURUSD10R6M Curncy,"PX_LAST,PX_BID,PX_ASK"
g10_fx_options,EURUSD10R1Y Curncy,"PX_LAST,PX_BID,PX_ASK"
g10_fx_options,EURUSD10B1W Curncy,"PX_LAST,PX_BID,PX_ASK"
g10_fx_options,EURUSD10B1M Curncy,"PX_LAST,PX_BID,PX_ASK"
g10_fx_options,EURUSD10B3M Curncy,"PX_LAST,PX_BID,PX_ASK"
g10_fx_options,EURUSD10B6M Curncy,"PX_LAST,PX_BID,PX_ASK"
g10_fx_options,EURUSD10B1Y Curncy,"PX_LAST,PX_BID,PX_ASK"
g10_fx_options,USDJPYV1W Curncy,"PX_LAST,PX_BID,PX_ASK"
g10_fx_options,USDJPYV1M Curncy,"PX_LAST,PX_BID,PX_ASK"
g10_fx_options,USDJPYV3M Curncy,"PX_LAST,PX_BID,PX_ASK"
g10_fx_options,USDJPYV6M Curncy,"PX_LAST,PX_BID,PX_ASK"
g10_fx_options,USDJPYV1Y Curncy,"PX_LAST,PX_BID,PX_ASK"
g10_fx_options,USDJPY25R1W Curncy,"PX_LAST,PX_BID,PX_ASK"
g10_fx_options,USDJPY25R1M Curncy,"PX_LAST,PX_BID,PX_ASK"
g10_fx_options,USDJPY25R3M Curncy,"PX_LAST,PX_BID,PX_ASK"
g10_fx_options,USDJPY25R6M Curncy,"PX_LAST,PX_BID,PX_ASK"
g10_fx_options,USDJPY25R1Y Curncy,"PX_LAST,PX_BID,PX_ASK"
g10_fx_options,USDJPY25B1W Curncy,"PX_LAST,PX_BID,PX_ASK"
g10_fx_options,USDJPY25B1M Curncy,"PX_LAST,PX_BID,PX_ASK"
g10_fx_options,USDJPY25B3M Curncy,"PX_LAST,PX_BID,PX_ASK"
g10_fx_options,USDJPY25B6M Curncy,"PX_LAST,PX_BID,PX_ASK"
g10_fx_options,USDJPY25B1Y Curncy,"PX_LAST,PX_BID,PX_ASK"
g10_fx_options,USDJPY10R1W Curncy,"PX_LAST,PX_BID,PX_ASK"
g10_fx_options,USDJPY10R1M Curncy,"PX_LAST,PX_BID,PX_ASK"
g10_fx_options,USDJPY10R3M Curncy,"PX_LAST,PX_BID,PX_ASK"
g10_fx_options,USDJPY10R6M Curncy,"PX_LAST,PX_BID,PX_ASK"
g10_fx_options,USDJPY10R1Y Curncy,"PX_LAST,PX_BID,PX_ASK"
g10_fx_options,USDJPY10B1W Curncy,"PX_LAST,PX_BID,PX_ASK"
g10_fx_options,USDJPY10B1M Curncy,"PX_LAST,PX_BID,PX_ASK"
g10_fx_options,USDJPY10B3M Curncy,"PX_LAST,PX_BID,PX_ASK"
g10_fx_options,USDJPY10B6M Curncy,"PX_LAST,PX_BID,PX_ASK"
g10_fx_options,USDJPY10B1Y Curncy,"PX_LAST,PX_BID,PX_ASK"
g10_fx_options,GBPUSDV1W Curncy,"PX_LAST,PX_BID,PX_ASK"
g10_fx_options,GBPUSDV1M Curncy,"PX_LAST,PX_BID,PX_ASK"
g10_fx_options,GBPUSDV3M Curncy,"PX_LAST,PX_BID,PX_ASK"
g10_fx_options,GBPUSDV6M Curncy,"PX_LAST,PX_BID,PX_ASK"
g10_fx_options,GBPUSDV1Y Curncy,"PX_LAST,PX_BID,PX_ASK"
g10_fx_options,GBPUSD25R1W Curncy,"PX_LAST,PX_BID,PX_ASK"
g10_fx_options,GBPUSD25R1M Curncy,"PX_LAST,PX_BID,PX_ASK"
g10_fx_options,GBPUSD25R3M Curncy,"PX_LAST,PX_BID,PX_ASK"
g10_fx_options,GBPUSD25R6M Curncy,"PX_LAST,PX_BID,PX_ASK"
g10_fx_options,GBPUSD25R1Y Curncy,"PX_LAST,PX_BID,PX_ASK"
g10_fx_options,GBPUSD25B1W Curncy,"PX_LAST,PX_BID,PX_ASK"
g10_fx_options,GBPUSD25B1M Curncy,"PX_LAST,PX_BID,PX_ASK"
g10_fx_options,GBPUSD25B3M Curncy,"PX_LAST,PX_BID,PX_ASK"
g10_fx_options,GBPUSD25B6M Curncy,"PX_LAST,PX_BID,PX_ASK"
g10_fx_options,GBPUSD25B1Y Curncy,"PX_LAST,PX_BID,PX_ASK"
g10_fx_options,GBPUSD10R1W Curncy,"PX_LAST,PX_BID,PX_ASK"
g10_fx_options,GBPUSD10R1M Curncy,"PX_LAST,PX_BID,PX_ASK"
g10_fx_options,GBPUSD10R3M Curncy,"PX_LAST,PX_BID,PX_ASK"
g10_fx_options,GBPUSD10R6M Curncy,"PX_LAST,PX_BID,PX_ASK"
g10_fx_options,GBPUSD10R1Y Curncy,"PX_LAST,PX_BID,PX_ASK"
g10_fx_options,GBPUSD10B1W Curncy,"PX_LAST,PX_BID,PX_ASK"
g10_fx_options,GBPUSD10B1M Curncy,"PX_LAST,PX_BID,PX_ASK"
g10_fx_options,GBPUSD10B3M Curncy,"PX_LAST,PX_BID,PX_ASK"
g10_fx_options,GBPUSD10B6M Curncy,"PX_LAST,PX_BID,PX_ASK"
g10_fx_options,GBPUSD10B1Y Curncy,"PX_LAST,PX_BID,PX_ASK"
g10_fx_options,USDCHFV1W Curncy,"PX_LAST,PX_BID,PX_ASK"
g10_fx_options,USDCHFV1M Curncy,"PX_LAST,PX_BID,PX_ASK"
g10_fx_options,USDCHFV3M Curncy,"PX_LAST,PX_BID,PX_ASK"
g10_fx_options,USDCHFV6M Curncy,"PX_LAST,PX_BID,PX_ASK"
g10_fx_options,USDCHFV1Y Curncy,"PX_LAST,PX_BID,PX_ASK"
g10_fx_options,USDCHF25R1W Curncy,"PX_LAST,PX_BID,PX_ASK"
g10_fx_options,USDCHF25R1M Curncy,"PX_LAST,PX_BID,PX_ASK"
g10_fx_options,USDCHF25R3M Curncy,"PX_LAST,PX_BID,PX_ASK"
g10_fx_options,USDCHF25R6M Curncy,"PX_LAST,PX_BID,PX_ASK"
g10_fx_options,USDCHF25R1Y Curncy,"PX_LAST,PX_BID,PX_ASK"
g10_fx_options,USDCHF25B1W Curncy,"PX_LAST,PX_BID,PX_ASK"
g10_fx_options,USDCHF25B1M Curncy,"PX_LAST,PX_BID,PX_ASK"
g10_fx_options,USDCHF25B3M Curncy,"PX_LAST,PX_BID,PX_ASK"
g10_fx_options,USDCHF25B6M Curncy,"PX_LAST,PX_BID,PX_ASK"
g10_fx_options,USDCHF25B1Y Curncy,"PX_LAST,PX_BID,PX_ASK"
g10_fx_options,USDCHF10R1W Curncy,"PX_LAST,PX_BID,PX_ASK"
g10_fx_options,USDCHF10R1M Curncy,"PX_LAST,PX_BID,PX_ASK"
g10_fx_options,USDCHF10R3M Curncy,"PX_LAST,PX_BID,PX_ASK"
g10_fx_options,USDCHF10R6M Curncy,"PX_LAST,PX_BID,PX_ASK"
g10_fx_options,USDCHF10R1Y Curncy,"PX_LAST,PX_BID,PX_ASK"
g10_fx_options,USDCHF10B1W Curncy,"PX_LAST,PX_BID,PX_ASK"
g10_fx_options,USDCHF10B1M Curncy,"PX_LAST,PX_BID,PX_ASK"
g10_fx_options,USDCHF10B3M Curncy,"PX_LAST,PX_BID,PX_ASK"
g10_fx_options,USDCHF10B6M Curncy,"PX_LAST,PX_BID,PX_ASK"
g10_fx_options,USDCHF10B1Y Curncy,"PX_LAST,PX_BID,PX_ASK"
g10_fx_options,USDCADV1W Curncy,"PX_LAST,PX_BID,PX_ASK"
g10_fx_options,USDCADV1M Curncy,"PX_LAST,PX_BID,PX_ASK"
g10_fx_options,USDCADV3M Curncy,"PX_LAST,PX_BID,PX_ASK"
g10_fx_options,USDCADV6M Curncy,"PX_LAST,PX_BID,PX_ASK"
g10_fx_options,USDCADV1Y Curncy,"PX_LAST,PX_BID,PX_ASK"
g10_fx_options,USDCAD25R1W Curncy,"PX_LAST,PX_BID,PX_ASK"
g10_fx_options,USDCAD25R1M Curncy,"PX_LAST,PX_BID,PX_ASK"
g10_fx_options,USDCAD25R3M Curncy,"PX_LAST,PX_BID,PX_ASK"
g10_fx_options,USDCAD25R6M Curncy,"PX_LAST,PX_BID,PX_ASK"
g10_fx_options,USDCAD25R1Y Curncy,"PX_LAST,PX_BID,PX_ASK"
g10_fx_options,USDCAD25B1W Curncy,"PX_LAST,PX_BID,PX_ASK"
g10_fx_options,USDCAD25B1M Curncy,"PX_LAST,PX_BID,PX_ASK"
g10_fx_options,USDCAD25B3M Curncy,"PX_LAST,PX_BID,PX_ASK"
g10_fx_options,USDCAD25B6M Curncy,"PX_LAST,PX_BID,PX_ASK"
g10_fx_options,USDCAD25B1Y Curncy,"PX_LAST,PX_BID,PX_ASK"
g10_fx_options,USDCAD10R1W Curncy,"PX_LAST,PX_BID,PX_ASK"
g10_fx_options,USDCAD10R1M Curncy,"PX_LAST,PX_BID,PX_ASK"
g10_fx_options,USDCAD10R3M Curncy,"PX_LAST,PX_BID,PX_ASK"
g10_fx_options,USDCAD10R6M Curncy,"PX_LAST,PX_BID,PX_ASK"
g10_fx_options,USDCAD10R1Y Curncy,"PX_LAST,PX_BID,PX_ASK"
g10_fx_options,USDCAD10B1W Curncy,"PX_LAST,PX_BID,PX_ASK"
g10_fx_options,USDCAD10B1M Curncy,"PX_LAST,PX_BID,PX_ASK"
g10_fx_options,USDCAD10B3M Curncy,"PX_LAST,PX_BID,PX_ASK"
g10_fx_options,USDCAD10B6M Curncy,"PX_LAST,PX_BID,PX_ASK"
g10_fx_options,USDCAD10B1Y Curncy,"PX_LAST,PX_BID,PX_ASK"
g10_fx_options,AUDUSDV1W Curncy,"PX_LAST,PX_BID,PX_ASK"
g10_fx_options,AUDUSDV1M Curncy,"PX_LAST,PX_BID,PX_ASK"
g10_fx_options,AUDUSDV3M Curncy,"PX_LAST,PX_BID,PX_ASK"
g10_fx_options,AUDUSDV6M Curncy,"PX_LAST,PX_BID,PX_ASK"
g10_fx_options,AUDUSDV1Y Curncy,"PX_LAST,PX_BID,PX_ASK"
g10_fx_options,AUDUSD25R1W Curncy,"PX_LAST,PX_BID,PX_ASK"
g10_fx_options,AUDUSD25R1M Curncy,"PX_LAST,PX_BID,PX_ASK"
g10_fx_options,AUDUSD25R3M Curncy,"PX_LAST,PX_BID,PX_ASK"
g10_fx_options,AUDUSD25R6M Curncy,"PX_LAST,PX_BID,PX_ASK"
g10_fx_options,AUDUSD25R1Y Curncy,"PX_LAST,PX_BID,PX_ASK"
g10_fx_options,AUDUSD25B1W Curncy,"PX_LAST,PX_BID,PX_ASK"
g10_fx_options,AUDUSD25B1M Curncy,"PX_LAST,PX_BID,PX_ASK"
g10_fx_options,AUDUSD25B3M Curncy,"PX_LAST,PX_BID,PX_ASK"
g10_fx_options,AUDUSD25B6M Curncy,"PX_LAST,PX_BID,PX_ASK"
g10_fx_options,AUDUSD25B1Y Curncy,"PX_LAST,PX_BID,PX_ASK"
g10_fx_options,AUDUSD10R1W Curncy,"PX_LAST,PX_BID,PX_ASK"
g10_fx_options,AUDUSD10R1M Curncy,"PX_LAST,PX_BID,PX_ASK"
g10_fx_options,AUDUSD10R3M Curncy,"PX_LAST,PX_BID,PX_ASK"
g10_fx_options,AUDUSD10R6M Curncy,"PX_LAST,PX_BID,PX_ASK"
g10_fx_options,AUDUSD10R1Y Curncy,"PX_LAST,PX_BID,PX_ASK"
g10_fx_options,AUDUSD10B1W Curncy,"PX_LAST,PX_BID,PX_ASK"
g10_fx_options,AUDUSD10B1M Curncy,"PX_LAST,PX_BID,PX_ASK"
g10_fx_options,AUDUSD10B3M Curncy,"PX_LAST,PX_BID,PX_ASK"
g10_fx_options,AUDUSD10B6M Curncy,"PX_LAST,PX_BID,PX_ASK"
g10_fx_options,AUDUSD10B1Y Curncy,"PX_LAST,PX_BID,PX_ASK"
g10_fx_options,NZDUSDV1W Curncy,"PX_LAST,PX_BID,PX_ASK"
g10_fx_options,NZDUSDV1M Curncy,"PX_LAST,PX_BID,PX_ASK"
g10_fx_options,NZDUSDV3M Curncy,"PX_LAST,PX_BID,PX_ASK"
g10_fx_options,NZDUSDV6M Curncy,"PX_LAST,PX_BID,PX_ASK"
g10_fx_options,NZDUSDV1Y Curncy,"PX_LAST,PX_BID,PX_ASK"
g10_fx_options,NZDUSD25R1W Curncy,"PX_LAST,PX_BID,PX_ASK"
g10_fx_options,NZDUSD25R1M Curncy,"PX_LAST,PX_BID,PX_ASK"
g10_fx_options,NZDUSD25R3M Curncy,"PX_LAST,PX_BID,PX_ASK"
g10_fx_options,NZDUSD25R6M Curncy,"PX_LAST,PX_BID,PX_ASK"
g10_fx_options,NZDUSD25R1Y Curncy,"PX_LAST,PX_BID,PX_ASK"
g10_fx_options,NZDUSD25B1W Curncy,"PX_LAST,PX_BID,PX_ASK"
g10_fx_options,NZDUSD25B1M Curncy,"PX_LAST,PX_BID,PX_ASK"
g10_fx_options,NZDUSD25B3M Curncy,"PX_LAST,PX_BID,PX_ASK"
g10_fx_options,NZDUSD25B6M Curncy,"PX_LAST,PX_BID,PX_ASK"
g10_fx_options,NZDUSD25B1Y Curncy,"PX_LAST,PX_BID,PX_ASK"
g10_fx_options,NZDUSD10R1W Curncy,"PX_LAST,PX_BID,PX_ASK"
g10_fx_options,NZDUSD10R1M Curncy,"PX_LAST,PX_BID,PX_ASK"
g10_fx_options,NZDUSD10R3M Curncy,"PX_LAST,PX_BID,PX_ASK"
g10_fx_options,NZDUSD10R6M Curncy,"PX_LAST,PX_BID,PX_ASK"
g10_fx_options,NZDUSD10R1Y Curncy,"PX_LAST,PX_BID,PX_ASK"
g10_fx_options,NZDUSD10B1W Curncy,"PX_LAST,PX_BID,PX_ASK"
g10_fx_options,NZDUSD10B1M Curncy,"PX_LAST,PX_BID,PX_ASK"
g10_fx_options,NZDUSD10B3M Curncy,"PX_LAST,PX_BID,PX_ASK"
g10_fx_options,NZDUSD10B6M Curncy,"PX_LAST,PX_BID,PX_ASK"
g10_fx_options,NZDUSD10B1Y Curncy,"PX_LAST,PX_BID,PX_ASK"
g10_fx_options,USDNOKV1W Curncy,"PX_LAST,PX_BID,PX_ASK"
g10_fx_options,USDNOKV1M Curncy,"PX_LAST,PX_BID,PX_ASK"
g10_fx_options,USDNOKV3M Curncy,"PX_LAST,PX_BID,PX_ASK"
g10_fx_options,USDNOKV6M Curncy,"PX_LAST,PX_BID,PX_ASK"
g10_fx_options,USDNOKV1Y Curncy,"PX_LAST,PX_BID,PX_ASK"
g10_fx_options,USDNOK25R1W Curncy,"PX_LAST,PX_BID,PX_ASK"
g10_fx_options,USDNOK25R1M Curncy,"PX_LAST,PX_BID,PX_ASK"
g10_fx_options,USDNOK25R3M Curncy,"PX_LAST,PX_BID,PX_ASK"
g10_fx_options,USDNOK25R6M Curncy,"PX_LAST,PX_BID,PX_ASK"
g10_fx_options,USDNOK25R1Y Curncy,"PX_LAST,PX_BID,PX_ASK"
g10_fx_options,USDNOK25B1W Curncy,"PX_LAST,PX_BID,PX_ASK"
g10_fx_options,USDNOK25B1M Curncy,"PX_LAST,PX_BID,PX_ASK"
g10_fx_options,USDNOK25B3M Curncy,"PX_LAST,PX_BID,PX_ASK"
g10_fx_options,USDNOK25B6M Curncy,"PX_LAST,PX_BID,PX_ASK"
g10_fx_options,USDNOK25B1Y Curncy,"PX_LAST,PX_BID,PX_ASK"
g10_fx_options,USDNOK10R1W Curncy,"PX_LAST,PX_BID,PX_ASK"
g10_fx_options,USDNOK10R1M Curncy,"PX_LAST,PX_BID,PX_ASK"
g10_fx_options,USDNOK10R3M Curncy,"PX_LAST,PX_BID,PX_ASK"
g10_fx_options,USDNOK10R6M Curncy,"PX_LAST,PX_BID,PX_ASK"
g10_fx_options,USDNOK10R1Y Curncy,"PX_LAST,PX_BID,PX_ASK"
g10_fx_options,USDNOK10B1W Curncy,"PX_LAST,PX_BID,PX_ASK"
g10_fx_options,USDNOK10B1M Curncy,"PX_LAST,PX_BID,PX_ASK"
g10_fx_options,USDNOK10B3M Curncy,"PX_LAST,PX_BID,PX_ASK"
g10_fx_options,USDNOK10B6M Curncy,"PX_LAST,PX_BID,PX_ASK"
g10_fx_options,USDNOK10B1Y Curncy,"PX_LAST,PX_BID,PX_ASK"
g10_fx_options,USDSEKV1W Curncy,"PX_LAST,PX_BID,PX_ASK"
g10_fx_options,USDSEKV1M Curncy,"PX_LAST,PX_BID,PX_ASK"
g10_fx_options,USDSEKV3M Curncy,"PX_LAST,PX_BID,PX_ASK"
g10_fx_options,USDSEKV6M Curncy,"PX_LAST,PX_BID,PX_ASK"
g10_fx_options,USDSEKV1Y Curncy,"PX_LAST,PX_BID,PX_ASK"
g10_fx_options,USDSEK25R1W Curncy,"PX_LAST,PX_BID,PX_ASK"
g10_fx_options,USDSEK25R1M Curncy,"PX_LAST,PX_BID,PX_ASK"
g10_fx_options,USDSEK25R3M Curncy,"PX_LAST,PX_BID,PX_ASK"
g10_fx_options,USDSEK25R6M Curncy,"PX_LAST,PX_BID,PX_ASK"
g10_fx_options,USDSEK25R1Y Curncy,"PX_LAST,PX_BID,PX_ASK"
g10_fx_options,USDSEK25B1W Curncy,"PX_LAST,PX_BID,PX_ASK"
g10_fx_options,USDSEK25B1M Curncy,"PX_LAST,PX_BID,PX_ASK"
g10_fx_options,USDSEK25B3M Curncy,"PX_LAST,PX_BID,PX_ASK"
g10_fx_options,USDSEK25B6M Curncy,"PX_LAST,PX_BID,PX_ASK"
g10_fx_options,USDSEK25B1Y Curncy,"PX_LAST,PX_BID,PX_ASK"
g10_fx_options,USDSEK10R1W Curncy,"PX_LAST,PX_BID,PX_ASK"
g10_fx_options,USDSEK10R1M Curncy,"PX_LAST,PX_BID,PX_ASK"
g10_fx_options,USDSEK10R3M Curncy,"PX_LAST,PX_BID,PX_ASK"
g10_fx_options,USDSEK10R6M Curncy,"PX_LAST,PX_BID,PX_ASK"
g10_fx_options,USDSEK10R1Y Curncy,"PX_LAST,PX_BID,PX_ASK"
g10_fx_options,USDSEK10B1W Curncy,"PX_LAST,PX_BID,PX_ASK"
g10_fx_options,USDSEK10B1M Curncy,"PX_LAST,PX_BID,PX_ASK"
g10_fx_options,USDSEK10B3M Curncy,"PX_LAST,PX_BID,PX_ASK"
g10_fx_options,USDSEK10B6M Curncy,"PX_LAST,PX_BID,PX_ASK"
g10_fx_options,USDSEK10B1Y Curncy,"PX_LAST,PX_BID,PX_ASK"
g10_fx_options,USDDKKV1W Curncy,"PX_LAST,PX_BID,PX_ASK"
g10_fx_options,USDDKKV1M Curncy,"PX_LAST,PX_BID,PX_ASK"
g10_fx_options,USDDKKV3M Curncy,"PX_LAST,PX_BID,PX_ASK"
g10_fx_options,USDDKKV6M Curncy,"PX_LAST,PX_BID,PX_ASK"
g10_fx_options,USDDKKV1Y Curncy,"PX_LAST,PX_BID,PX_ASK"
g10_fx_options,USDDKK25R1W Curncy,"PX_LAST,PX_BID,PX_ASK"
g10_fx_options,USDDKK25R1M Curncy,"PX_LAST,PX_BID,PX_ASK"
g10_fx_options,USDDKK25R3M Curncy,"PX_LAST,PX_BID,PX_ASK"
g10_fx_options,USDDKK25R6M Curncy,"PX_LAST,PX_BID,PX_ASK"
g10_fx_options,USDDKK25R1Y Curncy,"PX_LAST,PX_BID,PX_ASK"
g10_fx_options,USDDKK25B1W Curncy,"PX_LAST,PX_BID,PX_ASK"
g10_fx_options,USDDKK25B1M Curncy,"PX_LAST,PX_BID,PX_ASK"
g10_fx_options,USDDKK25B3M Curncy,"PX_LAST,PX_BID,PX_ASK"
g10_fx_options,USDDKK25B6M Curncy,"PX_LAST,PX_BID,PX_ASK"
g10_fx_options,USDDKK25B1Y Curncy,"PX_LAST,PX_BID,PX_ASK"
g10_fx_options,USDDKK10R1W Curncy,"PX_LAST,PX_BID,PX_ASK"
g10_fx_options,USDDKK10R1M Curncy,"PX_LAST,PX_BID,PX_ASK"
g10_fx_options,USDDKK10R3M Curncy,"PX_LAST,PX_BID,PX_ASK"
g10_fx_options,USDDKK10R6M Curncy,"PX_LAST,PX_BID,PX_ASK"
g10_fx_options,USDDKK10R1Y Curncy,"PX_LAST,PX_BID,PX_ASK"
g10_fx_options,USDDKK10B1W Curncy,"PX_LAST,PX_BID,PX_ASK"
g10_fx_options,USDDKK10B1M Curncy,"PX_LAST,PX_BID,PX_ASK"
g10_fx_options,USDDKK10B3M Curncy,"PX_LAST,PX_BID,PX_ASK"
g10_fx_options,USDDKK10B6M Curncy,"PX_LAST,PX_BID,PX_ASK"
g10_fx_options,USDDKK10B1Y Curncy,"PX_LAST,PX_BID,PX_ASK"
g10_fx_options,USDHKDV1W Curncy,"PX_LAST,PX_BID,PX_ASK"
g10_fx_options,USDHKDV1M Curncy,"PX_LAST,PX_BID,PX_ASK"
g10_fx_options,USDHKDV3M Curncy,"PX_LAST,PX_BID,PX_ASK"
g10_fx_options,USDHKDV6M Curncy,"PX_LAST,PX_BID,PX_ASK"
g10_fx_options,USDHKDV1Y Curncy,"PX_LAST,PX_BID,PX_ASK"
g10_fx_options,USDHKD25R1W Curncy,"PX_LAST,PX_BID,PX_ASK"
g10_fx_options,USDHKD25R1M Curncy,"PX_LAST,PX_BID,PX_ASK"
g10_fx_options,USDHKD25R3M Curncy,"PX_LAST,PX_BID,PX_ASK"
g10_fx_options,USDHKD25R6M Curncy,"PX_LAST,PX_BID,PX_ASK"
g10_fx_options,USDHKD25R1Y Curncy,"PX_LAST,PX_BID,PX_ASK"
g10_fx_options,USDHKD25B1W Curncy,"PX_LAST,PX_BID,PX_ASK"
g10_fx_options,USDHKD25B1M Curncy,"PX_LAST,PX_BID,PX_ASK"
g10_fx_options,USDHKD25B3M Curncy,"PX_LAST,PX_BID,PX_ASK"
g10_fx_options,USDHKD25B6M Curncy,"PX_LAST,PX_BID,PX_ASK"
g10_fx_options,USDHKD25B1Y Curncy,"PX_LAST,PX_BID,PX_ASK"
g10_fx_options,USDHKD10R1W Curncy,"PX_LAST,PX_BID,PX_ASK"
g10_fx_options,USDHKD10R1M Curncy,"PX_LAST,PX_BID,PX_ASK"
g10_fx_options,USDHKD10R3M Curncy,"PX_LAST,PX_BID,PX_ASK"
g10_fx_options,USDHKD10R6M Curncy,"PX_LAST,PX_BID,PX_ASK"
g10_fx_options,USDHKD10R1Y Curncy,"PX_LAST,PX_BID,PX_ASK"
g10_fx_options,USDHKD10B1W Curncy,"PX_LAST,PX_BID,PX_ASK"
g10_fx_options,USDHKD10B1M Curncy,"PX_LAST,PX_BID,PX_ASK"
g10_fx_options,USDHKD10B3M Curncy,"PX_LAST,PX_BID,PX_ASK"
g10_fx_options,USDHKD10B6M Curncy,"PX_LAST,PX_BID,PX_ASK"
g10_fx_options,USDHKD10B1Y Curncy,"PX_LAST,PX_BID,PX_ASK"
em_fx_options,USDMXNV1W Curncy,"PX_LAST,PX_BID,PX_ASK"
em_fx_options,USDMXNV1M Curncy,"PX_LAST,PX_BID,PX_ASK"
em_fx_options,USDMXNV3M Curncy,"PX_LAST,PX_BID,PX_ASK"
em_fx_options,USDMXNV6M Curncy,"PX_LAST,PX_BID,PX_ASK"
em_fx_options,USDMXNV1Y Curncy,"PX_LAST,PX_BID,PX_ASK"
em_fx_options,USDMXN25R1W Curncy,"PX_LAST,PX_BID,PX_ASK"
em_fx_options,USDMXN25R1M Curncy,"PX_LAST,PX_BID,PX_ASK"
em_fx_options,USDMXN25R3M Curncy,"PX_LAST,PX_BID,PX_ASK"
em_fx_options,USDMXN25R6M Curncy,"PX_LAST,PX_BID,PX_ASK"
em_fx_options,USDMXN25R1Y Curncy,"PX_LAST,PX_BID,PX_ASK"
em_fx_options,USDMXN25B1W Curncy,"PX_LAST,PX_BID,PX_ASK"
em_fx_options,USDMXN25B1M Curncy,"PX_LAST,PX_BID,PX_ASK"
em_fx_options,USDMXN25B3M Curncy,"PX_LAST,PX_BID,PX_ASK"
em_fx_options,USDMXN25B6M Curncy,"PX_LAST,PX_BID,PX_ASK"
em_fx_options,USDMXN25B1Y Curncy,"PX_LAST,PX_BID,PX_ASK"
em_fx_options,USDMXN10R1W Curncy,"PX_LAST,PX_BID,PX_ASK"
em_fx_options,USDMXN10R1M Curncy,"PX_LAST,PX_BID,PX_ASK"
em_fx_options,USDMXN10R3M Curncy,"PX_LAST,PX_BID,PX_ASK"
em_fx_options,USDMXN10R6M Curncy,"PX_LAST,PX_BID,PX_ASK"
em_fx_options,USDMXN10R1Y Curncy,"PX_LAST,PX_BID,PX_ASK"
em_fx_options,USDMXN10B1W Curncy,"PX_LAST,PX_BID,PX_ASK"
em_fx_options,USDMXN10B1M Curncy,"PX_LAST,PX_BID,PX_ASK"
em_fx_options,USDMXN10B3M Curncy,"PX_LAST,PX_BID,PX_ASK"
em_fx_options,USDMXN10B6M Curncy,"PX_LAST,PX_BID,PX_ASK"
em_fx_options,USDMXN10B1Y Curncy,"PX_LAST,PX_BID,PX_ASK"
em_fx_options,USDZARV1W Curncy,"PX_LAST,PX_BID,PX_ASK"
em_fx_options,USDZARV1M Curncy,"PX_LAST,PX_BID,PX_ASK"
em_fx_options,USDZARV3M Curncy,"PX_LAST,PX_BID,PX_ASK"
em_fx_options,USDZARV6M Curncy,"PX_LAST,PX_BID,PX_ASK"
em_fx_options,USDZARV1Y Curncy,"PX_LAST,PX_BID,PX_ASK"
em_fx_options,USDZAR25R1W Curncy,"PX_LAST,PX_BID,PX_ASK"
em_fx_options,USDZAR25R1M Curncy,"PX_LAST,PX_BID,PX_ASK"
em_fx_options,USDZAR25R3M Curncy,"PX_LAST,PX_BID,PX_ASK"
em_fx_options,USDZAR25R6M Curncy,"PX_LAST,PX_BID,PX_ASK"
em_fx_options,USDZAR25R1Y Curncy,"PX_LAST,PX_BID,PX_ASK"
em_fx_options,USDZAR25B1W Curncy,"PX_LAST,PX_BID,PX_ASK"
em_fx_options,USDZAR25B1M Curncy,"PX_LAST,PX_BID,PX_ASK"
em_fx_options,USDZAR25B3M Curncy,"PX_LAST,PX_BID,PX_ASK"
em_fx_options,USDZAR25B6M Curncy,"PX_LAST,PX_BID,PX_ASK"
em_fx_options,USDZAR25B1Y Curncy,"PX_LAST,PX_BID,PX_ASK"
em_fx_options,USDZAR10R1W Curncy,"PX_LAST,PX_BID,PX_ASK"
em_fx_options,USDZAR10R1M Curncy,"PX_LAST,PX_BID,PX_ASK"
em_fx_options,USDZAR10R3M Curncy,"PX_LAST,PX_BID,PX_ASK"
em_fx_options,USDZAR10R6M Curncy,"PX_LAST,PX_BID,PX_ASK"
em_fx_options,USDZAR10R1Y Curncy,"PX_LAST,PX_BID,PX_ASK"
em_fx_options,USDZAR10B1W Curncy,"PX_LAST,PX_BID,PX_ASK"
em_fx_options,USDZAR10B1M Curncy,"PX_LAST,PX_BID,PX_ASK"
em_fx_options,USDZAR10B3M Curncy,"PX_LAST,PX_BID,PX_ASK"
em_fx_options,USDZAR10B6M Curncy,"PX_LAST,PX_BID,PX_ASK"
em_fx_options,USDZAR10B1Y Curncy,"PX_LAST,PX_BID,PX_ASK"
em_fx_options,USDBRLV1W Curncy,"PX_LAST,PX_BID,PX_ASK"
em_fx_options,USDBRLV1M Curncy,"PX_LAST,PX_BID,PX_ASK"
em_fx_options,USDBRLV3M Curncy,"PX_LAST,PX_BID,PX_ASK"
em_fx_options,USDBRLV6M Curncy,"PX_LAST,PX_BID,PX_ASK"
em_fx_options,USDBRLV1Y Curncy,"PX_LAST,PX_BID,PX_ASK"
em_fx_options,USDBRL25R1W Curncy,"PX_LAST,PX_BID,PX_ASK"
em_fx_options,USDBRL25R1M Curncy,"PX_LAST,PX_BID,PX_ASK"
em_fx_options,USDBRL25R3M Curncy,"PX_LAST,PX_BID,PX_ASK"
em_fx_options,USDBRL25R6M Curncy,"PX_LAST,PX_BID,PX_ASK"
em_fx_options,USDBRL25R1Y Curncy,"PX_LAST,PX_BID,PX_ASK"
em_fx_options,USDBRL25B1W Curncy,"PX_LAST,PX_BID,PX_ASK"
em_fx_options,USDBRL25B1M Curncy,"PX_LAST,PX_BID,PX_ASK"
em_fx_options,USDBRL25B3M Curncy,"PX_LAST,PX_BID,PX_ASK"
em_fx_options,USDBRL25B6M Curncy,"PX_LAST,PX_BID,PX_ASK"
em_fx_options,USDBRL25B1Y Curncy,"PX_LAST,PX_BID,PX_ASK"
em_fx_options,USDBRL10R1W Curncy,"PX_LAST,PX_BID,PX_ASK"
em_fx_options,USDBRL10R1M Curncy,"PX_LAST,PX_BID,PX_ASK"
em_fx_options,USDBRL10R3M Curncy,"PX_LAST,PX_BID,PX_ASK"
em_fx_options,USDBRL10R6M Curncy,"PX_LAST,PX_BID,PX_ASK"
em_fx_options,USDBRL10R1Y Curncy,"PX_LAST,PX_BID,PX_ASK"
em_fx_options,USDBRL10B1W Curncy,"PX_LAST,PX_BID,PX_ASK"
em_fx_options,USDBRL10B1M Curncy,"PX_LAST,PX_BID,PX_ASK"
em_fx_options,USDBRL10B3M Curncy,"PX_LAST,PX_BID,PX_ASK"
em_fx_options,USDBRL10B6M Curncy,"PX_LAST,PX_BID,PX_ASK"
em_fx_options,USDBRL10B1Y Curncy,"PX_LAST,PX_BID,PX_ASK"
em_fx_options,USDKRWV1W Curncy,"PX_LAST,PX_BID,PX_ASK"
em_fx_options,USDKRWV1M Curncy,"PX_LAST,PX_BID,PX_ASK"
em_fx_options,USDKRWV3M Curncy,"PX_LAST,PX_BID,PX_ASK"
em_fx_options,USDKRWV6M Curncy,"PX_LAST,PX_BID,PX_ASK"
em_fx_options,USDKRWV1Y Curncy,"PX_LAST,PX_BID,PX_ASK"
em_fx_options,USDKRW25R1W Curncy,"PX_LAST,PX_BID,PX_ASK"
em_fx_options,USDKRW25R1M Curncy,"PX_LAST,PX_BID,PX_ASK"
em_fx_options,USDKRW25R3M Curncy,"PX_LAST,PX_BID,PX_ASK"
em_fx_options,USDKRW25R6M Curncy,"PX_LAST,PX_BID,PX_ASK"
em_fx_options,USDKRW25R1Y Curncy,"PX_LAST,PX_BID,PX_ASK"
em_fx_options,USDKRW25B1W Curncy,"PX_LAST,PX_BID,PX_ASK"
em_fx_options,USDKRW25B1M Curncy,"PX_LAST,PX_BID,PX_ASK"
em_fx_options,USDKRW25B3M Curncy,"PX_LAST,PX_BID,PX_ASK"
em_fx_options,USDKRW25B6M Curncy,"PX_LAST,PX_BID,PX_ASK"
em_fx_options,USDKRW25B1Y Curncy,"PX_LAST,PX_BID,PX_ASK"
em_fx_options,USDKRW10R1W Curncy,"PX_LAST,PX_BID,PX_ASK"
em_fx_options,USDKRW10R1M Curncy,"PX_LAST,PX_BID,PX_ASK"
em_fx_options,USDKRW10R3M Curncy,"PX_LAST,PX_BID,PX_ASK"
em_fx_options,USDKRW10R6M Curncy,"PX_LAST,PX_BID,PX_ASK"
em_fx_options,USDKRW10R1Y Curncy,"PX_LAST,PX_BID,PX_ASK"
em_fx_options,USDKRW10B1W Curncy,"PX_LAST,PX_BID,PX_ASK"
em_fx_options,USDKRW10B1M Curncy,"PX_LAST,PX_BID,PX_ASK"
em_fx_options,USDKRW10B3M Curncy,"PX_LAST,PX_BID,PX_ASK"
em_fx_options,USDKRW10B6M Curncy,"PX_LAST,PX_BID,PX_ASK"
em_fx_options,USDKRW10B1Y Curncy,"PX_LAST,PX_BID,PX_ASK"
em_fx_options,USDSGDV1W Curncy,"PX_LAST,PX_BID,PX_ASK"
em_fx_options,USDSGDV1M Curncy,"PX_LAST,PX_BID,PX_ASK"
em_fx_options,USDSGDV3M Curncy,"PX_LAST,PX_BID,PX_ASK"
em_fx_options,USDSGDV6M Curncy,"PX_LAST,PX_BID,PX_ASK"
em_fx_options,USDSGDV1Y Curncy,"PX_LAST,PX_BID,PX_ASK"
em_fx_options,USDSGD25R1W Curncy,"PX_LAST,PX_BID,PX_ASK"
em_fx_options,USDSGD25R1M Curncy,"PX_LAST,PX_BID,PX_ASK"
em_fx_options,USDSGD25R3M Curncy,"PX_LAST,PX_BID,PX_ASK"
em_fx_options,USDSGD25R6M Curncy,"PX_LAST,PX_BID,PX_ASK"
em_fx_options,USDSGD25R1Y Curncy,"PX_LAST,PX_BID,PX_ASK"
em_fx_options,USDSGD25B1W Curncy,"PX_LAST,PX_BID,PX_ASK"
em_fx_options,USDSGD25B1M Curncy,"PX_LAST,PX_BID,PX_ASK"
em_fx_options,USDSGD25B3M Curncy,"PX_LAST,PX_BID,PX_ASK"
em_fx_options,USDSGD25B6M Curncy,"PX_LAST,PX_BID,PX_ASK"
em_fx_options,USDSGD25B1Y Curncy,"PX_LAST,PX_BID,PX_ASK"
em_fx_options,USDSGD10R1W Curncy,"PX_LAST,PX_BID,PX_ASK"
em_fx_options,USDSGD10R1M Curncy,"PX_LAST,PX_BID,PX_ASK"
em_fx_options,USDSGD10R3M Curncy,"PX_LAST,PX_BID,PX_ASK"
em_fx_options,USDSGD10R6M Curncy,"PX_LAST,PX_BID,PX_ASK"
em_fx_options,USDSGD10R1Y Curncy,"PX_LAST,PX_BID,PX_ASK"
em_fx_options,USDSGD10B1W Curncy,"PX_LAST,PX_BID,PX_ASK"
em_fx_options,USDSGD10B1M Curncy,"PX_LAST,PX_BID,PX_ASK"
em_fx_options,USDSGD10B3M Curncy,"PX_LAST,PX_BID,PX_ASK"
em_fx_options,USDSGD10B6M Curncy,"PX_LAST,PX_BID,PX_ASK"
em_fx_options,USDSGD10B1Y Curncy,"PX_LAST,PX_BID,PX_ASK"
em_fx_options,USDCNHV1W Curncy,"PX_LAST,PX_BID,PX_ASK"
em_fx_options,USDCNHV1M Curncy,"PX_LAST,PX_BID,PX_ASK"
em_fx_options,USDCNHV3M Curncy,"PX_LAST,PX_BID,PX_ASK"
em_fx_options,USDCNHV6M Curncy,"PX_LAST,PX_BID,PX_ASK"
em_fx_options,USDCNHV1Y Curncy,"PX_LAST,PX_BID,PX_ASK"
em_fx_options,USDCNH25R1W Curncy,"PX_LAST,PX_BID,PX_ASK"
em_fx_options,USDCNH25R1M Curncy,"PX_LAST,PX_BID,PX_ASK"
em_fx_options,USDCNH25R3M Curncy,"PX_LAST,PX_BID,PX_ASK"
em_fx_options,USDCNH25R6M Curncy,"PX_LAST,PX_BID,PX_ASK"
em_fx_options,USDCNH25R1Y Curncy,"PX_LAST,PX_BID,PX_ASK"
em_fx_options,USDCNH25B1W Curncy,"PX_LAST,PX_BID,PX_ASK"
em_fx_options,USDCNH25B1M Curncy,"PX_LAST,PX_BID,PX_ASK"
em_fx_options,USDCNH25B3M Curncy,"PX_LAST,PX_BID,PX_ASK"
em_fx_options,USDCNH25B6M Curncy,"PX_LAST,PX_BID,PX_ASK"
em_fx_options,USDCNH25B1Y Curncy,"PX_LAST,PX_BID,PX_ASK"
em_fx_options,USDCNH10R1W Curncy,"PX_LAST,PX_BID,PX_ASK"
em_fx_options,USDCNH10R1M Curncy,"PX_LAST,PX_BID,PX_ASK"
em_fx_options,USDCNH10R3M Curncy,"PX_LAST,PX_BID,PX_ASK"
em_fx_options,USDCNH10R6M Curncy,"PX_LAST,PX_BID,PX_ASK"
em_fx_options,USDCNH10R1Y Curncy,"PX_LAST,PX_BID,PX_ASK"
em_fx_options,USDCNH10B1W Curncy,"PX_LAST,PX_BID,PX_ASK"
em_fx_options,USDCNH10B1M Curncy,"PX_LAST,PX_BID,PX_ASK"
em_fx_options,USDCNH10B3M Curncy,"PX_LAST,PX_BID,PX_ASK"
em_fx_options,USDCNH10B6M Curncy,"PX_LAST,PX_BID,PX_ASK"
em_fx_options,USDCNH10B1Y Curncy,"PX_LAST,PX_BID,PX_ASK"
em_fx_options,USDCNYV1W Curncy,"PX_LAST,PX_BID,PX_ASK"
em_fx_options,USDCNYV1M Curncy,"PX_LAST,PX_BID,PX_ASK"
em_fx_options,USDCNYV3M Curncy,"PX_LAST,PX_BID,PX_ASK"
em_fx_options,USDCNYV6M Curncy,"PX_LAST,PX_BID,PX_ASK"
em_fx_options,USDCNYV1Y Curncy,"PX_LAST,PX_BID,PX_ASK"
em_fx_options,USDCNY25R1W Curncy,"PX_LAST,PX_BID,PX_ASK"
em_fx_options,USDCNY25R1M Curncy,"PX_LAST,PX_BID,PX_ASK"
em_fx_options,USDCNY25R3M Curncy,"PX_LAST,PX_BID,PX_ASK"
em_fx_options,USDCNY25R6M Curncy,"PX_LAST,PX_BID,PX_ASK"
em_fx_options,USDCNY25R1Y Curncy,"PX_LAST,PX_BID,PX_ASK"
em_fx_options,USDCNY25B1W Curncy,"PX_LAST,PX_BID,PX_ASK"
em_fx_options,USDCNY25B1M Curncy,"PX_LAST,PX_BID,PX_ASK"
em_fx_options,USDCNY25B3M Curncy,"PX_LAST,PX_BID,PX_ASK"
em_fx_options,USDCNY25B6M Curncy,"PX_LAST,PX_BID,PX_ASK"
em_fx_options,USDCNY25B1Y Curncy,"PX_LAST,PX_BID,PX_ASK"
em_fx_options,USDCNY10R1W Curncy,"PX_LAST,PX_BID,PX_ASK"
em_fx_options,USDCNY10R1M Curncy,"PX_LAST,PX_BID,PX_ASK"
em_fx_options,USDCNY10R3M Curncy,"PX_LAST,PX_BID,PX_ASK"
em_fx_options,USDCNY10R6M Curncy,"PX_LAST,PX_BID,PX_ASK"
em_fx_options,USDCNY10R1Y Curncy,"PX_LAST,PX_BID,PX_ASK"
em_fx_options,USDCNY10B1W Curncy,"PX_LAST,PX_BID,PX_ASK"
em_fx_options,USDCNY10B1M Curncy,"PX_LAST,PX_BID,PX_ASK"
em_fx_options,USDCNY10B3M Curncy,"PX_LAST,PX_BID,PX_ASK"
em_fx_options,USDCNY10B6M Curncy,"PX_LAST,PX_BID,PX_ASK"
em_fx_options,USDCNY10B1Y Curncy,"PX_LAST,PX_BID,PX_ASK"
em_fx_options,USDINRV1W Curncy,"PX_LAST,PX_BID,PX_ASK"
em_fx_options,USDINRV1M Curncy,"PX_LAST,PX_BID,PX_ASK"
em_fx_options,USDINRV3M Curncy,"PX_LAST,PX_BID,PX_ASK"
em_fx_options,USDINRV6M Curncy,"PX_LAST,PX_BID,PX_ASK"
em_fx_options,USDINRV1Y Curncy,"PX_LAST,PX_BID,PX_ASK"
em_fx_options,USDINR25R1W Curncy,"PX_LAST,PX_BID,PX_ASK"
em_fx_options,USDINR25R1M Curncy,"PX_LAST,PX_BID,PX_ASK"
em_fx_options,USDINR25R3M Curncy,"PX_LAST,PX_BID,PX_ASK"
em_fx_options,USDINR25R6M Curncy,"PX_LAST,PX_BID,PX_ASK"
em_fx_options,USDINR25R1Y Curncy,"PX_LAST,PX_BID,PX_ASK"
em_fx_options,USDINR25B1W Curncy,"PX_LAST,PX_BID,PX_ASK"
em_fx_options,USDINR25B1M Curncy,"PX_LAST,PX_BID,PX_ASK"
em_fx_options,USDINR25B3M Curncy,"PX_LAST,PX_BID,PX_ASK"
em_fx_options,USDINR25B6M Curncy,"PX_LAST,PX_BID,PX_ASK"
em_fx_options,USDINR25B1Y Curncy,"PX_LAST,PX_BID,PX_ASK"
em_fx_options,USDINR10R1W Curncy,"PX_LAST,PX_BID,PX_ASK"
em_fx_options,USDINR10R1M Curncy,"PX_LAST,PX_BID,PX_ASK"
em_fx_options,USDINR10R3M Curncy,"PX_LAST,PX_BID,PX_ASK"
em_fx_options,USDINR10R6M Curncy,"PX_LAST,PX_BID,PX_ASK"
em_fx_options,USDINR10R1Y Curncy,"PX_LAST,PX_BID,PX_ASK"
em_fx_options,USDINR10B1W Curncy,"PX_LAST,PX_BID,PX_ASK"
em_fx_options,USDINR10B1M Curncy,"PX_LAST,PX_BID,PX_ASK"
em_fx_options,USDINR10B3M Curncy,"PX_LAST,PX_BID,PX_ASK"
em_fx_options,USDINR10B6M Curncy,"PX_LAST,PX_BID,PX_ASK"
em_fx_options,USDINR10B1Y Curncy,"PX_LAST,PX_BID,PX_ASK"
em_fx_options,USDTRYV1W Curncy,"PX_LAST,PX_BID,PX_ASK"
em_fx_options,USDTRYV1M Curncy,"PX_LAST,PX_BID,PX_ASK"
em_fx_options,USDTRYV3M Curncy,"PX_LAST,PX_BID,PX_ASK"
em_fx_options,USDTRYV6M Curncy,"PX_LAST,PX_BID,PX_ASK"
em_fx_options,USDTRYV1Y Curncy,"PX_LAST,PX_BID,PX_ASK"
em_fx_options,USDTRY25R1W Curncy,"PX_LAST,PX_BID,PX_ASK"
em_fx_options,USDTRY25R1M Curncy,"PX_LAST,PX_BID,PX_ASK"
em_fx_options,USDTRY25R3M Curncy,"PX_LAST,PX_BID,PX_ASK"
em_fx_options,USDTRY25R6M Curncy,"PX_LAST,PX_BID,PX_ASK"
em_fx_options,USDTRY25R1Y Curncy,"PX_LAST,PX_BID,PX_ASK"
em_fx_options,USDTRY25B1W Curncy,"PX_LAST,PX_BID,PX_ASK"
em_fx_options,USDTRY25B1M Curncy,"PX_LAST,PX_BID,PX_ASK"
em_fx_options,USDTRY25B3M Curncy,"PX_LAST,PX_BID,PX_ASK"
em_fx_options,USDTRY25B6M Curncy,"PX_LAST,PX_BID,PX_ASK"
em_fx_options,USDTRY25B1Y Curncy,"PX_LAST,PX_BID,PX_ASK"
em_fx_options,USDTRY10R1W Curncy,"PX_LAST,PX_BID,PX_ASK"
em_fx_options,USDTRY10R1M Curncy,"PX_LAST,PX_BID,PX_ASK"
em_fx_options,USDTRY10R3M Curncy,"PX_LAST,PX_BID,PX_ASK"
em_fx_options,USDTRY10R6M Curncy,"PX_LAST,PX_BID,PX_ASK"
em_fx_options,USDTRY10R1Y Curncy,"PX_LAST,PX_BID,PX_ASK"
em_fx_options,USDTRY10B1W Curncy,"PX_LAST,PX_BID,PX_ASK"
em_fx_options,USDTRY10B1M Curncy,"PX_LAST,PX_BID,PX_ASK"
em_fx_options,USDTRY10B3M Curncy,"PX_LAST,PX_BID,PX_ASK"
em_fx_options,USDTRY10B6M Curncy,"PX_LAST,PX_BID,PX_ASK"
em_fx_options,USDTRY10B1Y Curncy,"PX_LAST,PX_BID,PX_ASK"
em_fx_options,USDPLNV1W Curncy,"PX_LAST,PX_BID,PX_ASK"
em_fx_options,USDPLNV1M Curncy,"PX_LAST,PX_BID,PX_ASK"
em_fx_options,USDPLNV3M Curncy,"PX_LAST,PX_BID,PX_ASK"
em_fx_options,USDPLNV6M Curncy,"PX_LAST,PX_BID,PX_ASK"
em_fx_options,USDPLNV1Y Curncy,"PX_LAST,PX_BID,PX_ASK"
em_fx_options,USDPLN25R1W Curncy,"PX_LAST,PX_BID,PX_ASK"
em_fx_options,USDPLN25R1M Curncy,"PX_LAST,PX_BID,PX_ASK"
em_fx_options,USDPLN25R3M Curncy,"PX_LAST,PX_BID,PX_ASK"
em_fx_options,USDPLN25R6M Curncy,"PX_LAST,PX_BID,PX_ASK"
em_fx_options,USDPLN25R1Y Curncy,"PX_LAST,PX_BID,PX_ASK"
em_fx_options,USDPLN25B1W Curncy,"PX_LAST,PX_BID,PX_ASK"
em_fx_options,USDPLN25B1M Curncy,"PX_LAST,PX_BID,PX_ASK"
em_fx_options,USDPLN25B3M Curncy,"PX_LAST,PX_BID,PX_ASK"
em_fx_options,USDPLN25B6M Curncy,"PX_LAST,PX_BID,PX_ASK"
em_fx_options,USDPLN25B1Y Curncy,"PX_LAST,PX_BID,PX_ASK"
em_fx_options,USDPLN10R1W Curncy,"PX_LAST,PX_BID,PX_ASK"
em_fx_options,USDPLN10R1M Curncy,"PX_LAST,PX_BID,PX_ASK"
em_fx_options,USDPLN10R3M Curncy,"PX_LAST,PX_BID,PX_ASK"
em_fx_options,USDPLN10R6M Curncy,"PX_LAST,PX_BID,PX_ASK"
em_fx_options,USDPLN10R1Y Curncy,"PX_LAST,PX_BID,PX_ASK"
em_fx_options,USDPLN10B1W Curncy,"PX_LAST,PX_BID,PX_ASK"
em_fx_options,USDPLN10B1M Curncy,"PX_LAST,PX_BID,PX_ASK"
em_fx_options,USDPLN10B3M Curncy,"PX_LAST,PX_BID,PX_ASK"
em_fx_options,USDPLN10B6M Curncy,"PX_LAST,PX_BID,PX_ASK"
em_fx_options,USDPLN10B1Y Curncy,"PX_LAST,PX_BID,PX_ASK"
em_fx_options,USDHUFV1W Curncy,"PX_LAST,PX_BID,PX_ASK"
em_fx_options,USDHUFV1M Curncy,"PX_LAST,PX_BID,PX_ASK"
em_fx_options,USDHUFV3M Curncy,"PX_LAST,PX_BID,PX_ASK"
em_fx_options,USDHUFV6M Curncy,"PX_LAST,PX_BID,PX_ASK"
em_fx_options,USDHUFV1Y Curncy,"PX_LAST,PX_BID,PX_ASK"
em_fx_options,USDHUF25R1W Curncy,"PX_LAST,PX_BID,PX_ASK"
em_fx_options,USDHUF25R1M Curncy,"PX_LAST,PX_BID,PX_ASK"
em_fx_options,USDHUF25R3M Curncy,"PX_LAST,PX_BID,PX_ASK"
em_fx_options,USDHUF25R6M Curncy,"PX_LAST,PX_BID,PX_ASK"
em_fx_options,USDHUF25R1Y Curncy,"PX_LAST,PX_BID,PX_ASK"
em_fx_options,USDHUF25B1W Curncy,"PX_LAST,PX_BID,PX_ASK"
em_fx_options,USDHUF25B1M Curncy,"PX_LAST,PX_BID,PX_ASK"
em_fx_options,USDHUF25B3M Curncy,"PX_LAST,PX_BID,PX_ASK"
em_fx_options,USDHUF25B6M Curncy,"PX_LAST,PX_BID,PX_ASK"
em_fx_options,USDHUF25B1Y Curncy,"PX_LAST,PX_BID,PX_ASK"
em_fx_options,USDHUF10R1W Curncy,"PX_LAST,PX_BID,PX_ASK"
em_fx_options,USDHUF10R1M Curncy,"PX_LAST,PX_BID,PX_ASK"
em_fx_options,USDHUF10R3M Curncy,"PX_LAST,PX_BID,PX_ASK"
em_fx_options,USDHUF10R6M Curncy,"PX_LAST,PX_BID,PX_ASK"
em_fx_options,USDHUF10R1Y Curncy,"PX_LAST,PX_BID,PX_ASK"
em_fx_options,USDHUF10B1W Curncy,"PX_LAST,PX_BID,PX_ASK"
em_fx_options,USDHUF10B1M Curncy,"PX_LAST,PX_BID,PX_ASK"
em_fx_options,USDHUF10B3M Curncy,"PX_LAST,PX_BID,PX_ASK"
em_fx_options,USDHUF10B6M Curncy,"PX_LAST,PX_BID,PX_ASK"
em_fx_options,USDHUF10B1Y Curncy,"PX_LAST,PX_BID,PX_ASK"
em_fx_options,USDTHBV1W Curncy,"PX_LAST,PX_BID,PX_ASK"
em_fx_options,USDTHBV1M Curncy,"PX_LAST,PX_BID,PX_ASK"
em_fx_options,USDTHBV3M Curncy,"PX_LAST,PX_BID,PX_ASK"
em_fx_options,USDTHBV6M Curncy,"PX_LAST,PX_BID,PX_ASK"
em_fx_options,USDTHBV1Y Curncy,"PX_LAST,PX_BID,PX_ASK"
em_fx_options,USDTHB25R1W Curncy,"PX_LAST,PX_BID,PX_ASK"
em_fx_options,USDTHB25R1M Curncy,"PX_LAST,PX_BID,PX_ASK"
em_fx_options,USDTHB25R3M Curncy,"PX_LAST,PX_BID,PX_ASK"
em_fx_options,USDTHB25R6M Curncy,"PX_LAST,PX_BID,PX_ASK"
em_fx_options,USDTHB25R1Y Curncy,"PX_LAST,PX_BID,PX_ASK"
em_fx_options,USDTHB25B1W Curncy,"PX_LAST,PX_BID,PX_ASK"
em_fx_options,USDTHB25B1M Curncy,"PX_LAST,PX_BID,PX_ASK"
em_fx_options,USDTHB25B3M Curncy,"PX_LAST,PX_BID,PX_ASK"
em_fx_options,USDTHB25B6M Curncy,"PX_LAST,PX_BID,PX_ASK"
em_fx_options,USDTHB25B1Y Curncy,"PX_LAST,PX_BID,PX_ASK"
em_fx_options,USDTHB10R1W Curncy,"PX_LAST,PX_BID,PX_ASK"
em_fx_options,USDTHB10R1M Curncy,"PX_LAST,PX_BID,PX_ASK"
em_fx_options,USDTHB10R3M Curncy,"PX_LAST,PX_BID,PX_ASK"
em_fx_options,USDTHB10R6M Curncy,"PX_LAST,PX_BID,PX_ASK"
em_fx_options,USDTHB10R1Y Curncy,"PX_LAST,PX_BID,PX_ASK"
em_fx_options,USDTHB10B1W Curncy,"PX_LAST,PX_BID,PX_ASK"
em_fx_options,USDTHB10B1M Curncy,"PX_LAST,PX_BID,PX_ASK"
em_fx_options,USDTHB10B3M Curncy,"PX_LAST,PX_BID,PX_ASK"
em_fx_options,USDTHB10B6M Curncy,"PX_LAST,PX_BID,PX_ASK"
em_fx_options,USDTHB10B1Y Curncy,"PX_LAST,PX_BID,PX_ASK"
em_fx_options,USDILSV1W Curncy,"PX_LAST,PX_BID,PX_ASK"
em_fx_options,USDILSV1M Curncy,"PX_LAST,PX_BID,PX_ASK"
em_fx_options,USDILSV3M Curncy,"PX_LAST,PX_BID,PX_ASK"
em_fx_options,USDILSV6M Curncy,"PX_LAST,PX_BID,PX_ASK"
em_fx_options,USDILSV1Y Curncy,"PX_LAST,PX_BID,PX_ASK"
em_fx_options,USDILS25R1W Curncy,"PX_LAST,PX_BID,PX_ASK"
em_fx_options,USDILS25R1M Curncy,"PX_LAST,PX_BID,PX_ASK"
em_fx_options,USDILS25R3M Curncy,"PX_LAST,PX_BID,PX_ASK"
em_fx_options,USDILS25R6M Curncy,"PX_LAST,PX_BID,PX_ASK"
em_fx_options,USDILS25R1Y Curncy,"PX_LAST,PX_BID,PX_ASK"
em_fx_options,USDILS25B1W Curncy,"PX_LAST,PX_BID,PX_ASK"
em_fx_options,USDILS25B1M Curncy,"PX_LAST,PX_BID,PX_ASK"
em_fx_options,USDILS25B3M Curncy,"PX_LAST,PX_BID,PX_ASK"
em_fx_options,USDILS25B6M Curncy,"PX_LAST,PX_BID,PX_ASK"
em_fx_options,USDILS25B1Y Curncy,"PX_LAST,PX_BID,PX_ASK"
em_fx_options,USDILS10R1W Curncy,"PX_LAST,PX_BID,PX_ASK"
em_fx_options,USDILS10R1M Curncy,"PX_LAST,PX_BID,PX_ASK"
em_fx_options,USDILS10R3M Curncy,"PX_LAST,PX_BID,PX_ASK"
em_fx_options,USDILS10R6M Curncy,"PX_LAST,PX_BID,PX_ASK"
em_fx_options,USDILS10R1Y Curncy,"PX_LAST,PX_BID,PX_ASK"
em_fx_options,USDILS10B1W Curncy,"PX_LAST,PX_BID,PX_ASK"
em_fx_options,USDILS10B1M Curncy,"PX_LAST,PX_BID,PX_ASK"
em_fx_options,USDILS10B3M Curncy,"PX_LAST,PX_BID,PX_ASK"
em_fx_options,USDILS10B6M Curncy,"PX_LAST,PX_BID,PX_ASK"
em_fx_options,USDILS10B1Y Curncy,"PX_LAST,PX_BID,PX_ASK"
global_risk,VIX Index,PX_LAST
global_risk,MOVE Index,PX_LAST
global_risk,DXY Curncy,PX_LAST
global_risk,SPX Index,PX_LAST
global_risk,NDX Index,PX_LAST
global_risk,RTY Index,PX_LAST
global_risk,MXWO Index,PX_LAST
global_risk,MXEF Index,PX_LAST
global_risk,JPMVXYGL Index,PX_LAST
global_risk,JPMVXYG7 Index,PX_LAST
global_risk,JPMVXYEM Index,PX_LAST
global_risk,BCOM Index,PX_LAST
global_risk,CL1 Comdty,PX_LAST
global_risk,CO1 Comdty,PX_LAST
global_risk,XAU Curncy,PX_LAST
global_risk,HG1 Comdty,PX_LAST
global_risk,USGG2YR Index,PX_LAST
global_risk,USGG10YR Index,PX_LAST
global_risk,USYC2Y10 Index,PX_LAST
g10_interest_rates,USSO1Z Curncy,PX_LAST
g10_interest_rates,USSOA Curncy,PX_LAST
g10_interest_rates,USOSFRA Curncy,PX_LAST
g10_interest_rates,USSOC Curncy,PX_LAST
g10_interest_rates,USOSFRC Curncy,PX_LAST
g10_interest_rates,USOSFRF Curncy,PX_LAST
g10_interest_rates,EUSWE1Z Curncy,PX_LAST
g10_interest_rates,EUSWEA Curncy,PX_LAST
g10_interest_rates,EESWEA Curncy,PX_LAST
g10_interest_rates,EUSWEC Curncy,PX_LAST
g10_interest_rates,EESWEC Curncy,PX_LAST
g10_interest_rates,EESWEF Curncy,PX_LAST
g10_interest_rates,BPSWS1Z Curncy,PX_LAST
g10_interest_rates,BPSWSA Curncy,PX_LAST
g10_interest_rates,BPSWSC Curncy,PX_LAST
g10_interest_rates,BPSWSF Curncy,PX_LAST
g10_interest_rates,JYSO1Z Curncy,PX_LAST
g10_interest_rates,JYSOA Curncy,PX_LAST
g10_interest_rates,JYSOC Curncy,PX_LAST
g10_interest_rates,JYSOF Curncy,PX_LAST
g10_interest_rates,SFSNTA Curncy,PX_LAST
g10_interest_rates,SFSNTC Curncy,PX_LAST
g10_interest_rates,SFSNTF Curncy,PX_LAST
g10_interest_rates,ADSO1Z Curncy,PX_LAST
g10_interest_rates,ADSOA Curncy,PX_LAST
g10_interest_rates,ADSOC Curncy,PX_LAST
g10_interest_rates,ADSOF Curncy,PX_LAST
g10_interest_rates,CDSO1Z Curncy,PX_LAST
g10_interest_rates,CDSOA Curncy,PX_LAST
g10_interest_rates,CDSOC Curncy,PX_LAST
g10_interest_rates,CDSOF Curncy,PX_LAST
g10_interest_rates,NDSO1Z Curncy,PX_LAST
g10_interest_rates,NDSOA Curncy,PX_LAST
g10_interest_rates,NDSOC Curncy,PX_LAST
g10_interest_rates,NDSOF Curncy,PX_LAST
g10_interest_rates,SKSWTN1Z Curncy,PX_LAST
g10_interest_rates,SKSWTNA Curncy,PX_LAST
g10_interest_rates,SKSWTNC Curncy,PX_LAST
g10_interest_rates,SKSWTNF Curncy,PX_LAST
g10_interest_rates,SDSOAA Curncy,PX_LAST
g10_interest_rates,SDSOAC Curncy,PX_LAST
g10_interest_rates,SDSOAF Curncy,PX_LAST
g10_interest_rates,HDDRA Curncy,PX_LAST
g10_interest_rates,HDDRC Curncy,PX_LAST
g10_interest_rates,HDDRF Curncy,PX_LAST
g10_interest_rates,US0001W Index,PX_LAST
g10_interest_rates,US0001M Index,PX_LAST
g10_interest_rates,US0003M Index,PX_LAST
g10_interest_rates,US0012M Index,PX_LAST
g10_interest_rates,EUR001W Index,PX_LAST
g10_interest_rates,EUR001M Index,PX_LAST
g10_interest_rates,EUR003M Index,PX_LAST
g10_interest_rates,EUR012M Index,PX_LAST
g10_interest_rates,BP0001W Index,PX_LAST
g10_interest_rates,BP0001M Index,PX_LAST
g10_interest_rates,BP0003M Index,PX_LAST
g10_interest_rates,BP0012M Index,PX_LAST
g10_interest_rates,JY0001W Index,PX_LAST
g10_interest_rates,JY0001M Index,PX_LAST
g10_interest_rates,JY0003M Index,PX_LAST
g10_interest_rates,JY0012M Index,PX_LAST
g10_interest_rates,SF0001W Index,PX_LAST
g10_interest_rates,SF0001M Index,PX_LAST
g10_interest_rates,SF0003M Index,PX_LAST
g10_interest_rates,SF0012M Index,PX_LAST
g10_interest_rates,ADDR1Z Curncy,PX_LAST
g10_interest_rates,ADBB1M Curncy,PX_LAST
g10_interest_rates,ADBB3M Curncy,PX_LAST
g10_interest_rates,ADBB12M Curncy,PX_LAST
g10_interest_rates,CDOR01 Index,PX_LAST
g10_interest_rates,CDOR03 Index,PX_LAST
g10_interest_rates,CDOR12 Index,PX_LAST
g10_interest_rates,NIBOR1W Index,PX_LAST
g10_interest_rates,NIBOR1M Index,PX_LAST
g10_interest_rates,NIBOR3M Index,PX_LAST
g10_interest_rates,NIBOR12M Index,PX_LAST
g10_interest_rates,NDBB1M Curncy,PX_LAST
g10_interest_rates,NDBB3M Curncy,PX_LAST
g10_interest_rates,NDBB12M Curncy,PX_LAST
g10_interest_rates,STIB1W Index,PX_LAST
g10_interest_rates,STIB1M Index,PX_LAST
g10_interest_rates,STIB3M Index,PX_LAST
g10_interest_rates,STIB12M Index,PX_LAST
em_interest_rates,BZSTSETA Index,PX_LAST
em_interest_rates,BCCDIO Curncy,PX_LAST
em_interest_rates,BCSWAPD Curncy,PX_LAST
em_interest_rates,MXONBR Index,PX_LAST
em_interest_rates,MXIBTIIE Index,PX_LAST
em_interest_rates,MPSWC Index,PX_LAST
em_interest_rates,MPSW1A Index,PX_LAST
em_interest_rates,JIBA1M Index,PX_LAST
em_interest_rates,JIBA3M Index,PX_LAST
em_interest_rates,JIBA12M Index,PX_LAST
em_interest_rates,KOCRD Index,PX_LAST
em_interest_rates,KRBO1M Index,PX_LAST
em_interest_rates,KWCDC Index,PX_LAST
em_interest_rates,KWSWO1 Index,PX_LAST
em_interest_rates,IDBIRATE Index,PX_LAST
em_interest_rates,JIIN1M Index,PX_LAST
em_interest_rates,IDRE1MO Index,PX_LAST
em_interest_rates,IHSWOOA Curncy,PX_LAST
em_interest_rates,KLIB1M Index,PX_LAST
em_interest_rates,KLIB3M Index,PX_LAST
em_interest_rates,MRSWQO1 Index,PX_LAST
em_interest_rates,PREF1MO Index,PX_LAST
em_interest_rates,PREF3MO Index,PX_LAST
em_interest_rates,PPSWO1 Index,PX_LAST
em_interest_rates,CLTN30DS Curncy,PX_LAST
em_interest_rates,CHSWPC Index,PX_LAST
em_interest_rates,CHSWP1 Index,PX_LAST
em_interest_rates,CORRRMIN Index,PX_LAST
em_interest_rates,DTF RATE Index,PX_LAST
em_interest_rates,COMM1YR Index,PX_LAST
em_interest_rates,CLSWA Curncy,PX_LAST
em_interest_rates,PRRRONUS Index,PX_LAST
em_interest_rates,PRBOPRBI Index,PX_LAST
em_interest_rates,PRBOPRB3 Index,PX_LAST
em_interest_rates,PRBOPRB1 Index,PX_LAST
macro_market_proxies,CPI YOY Index,PX_LAST
macro_market_proxies,CPURNSA Index,PX_LAST
macro_market_proxies,GDP CUR$ Index,PX_LAST
macro_market_proxies,M2% YOY Index,PX_LAST
macro_market_proxies,BFCIUS Index,PX_LAST
macro_market_proxies,FEDL01 Index,PX_LAST
macro_market_proxies,SOFRRATE Index,PX_LAST
macro_market_proxies,USGG2YR Index,PX_LAST
macro_market_proxies,USGG10YR Index,PX_LAST
macro_market_proxies,GDBR2 Index,PX_LAST
macro_market_proxies,GDBR10 Index,PX_LAST
macro_market_proxies,GUKG2 Index,PX_LAST
macro_market_proxies,GUKG10 Index,PX_LAST
macro_market_proxies,GJGB2 Index,PX_LAST
macro_market_proxies,GJGB10 Index,PX_LAST
macro_market_proxies,GCAN2YR Index,PX_LAST
macro_market_proxies,GCAN10YR Index,PX_LAST
macro_market_proxies,GACGB2 Index,PX_LAST
macro_market_proxies,GACGB10 Index,PX_LAST
macro_market_proxies,BCOM Index,PX_LAST
macro_market_proxies,CL1 Comdty,PX_LAST
macro_market_proxies,CO1 Comdty,PX_LAST
macro_market_proxies,XAU Curncy,PX_LAST
macro_market_proxies,HG1 Comdty,PX_LAST
